[
  {
    "_id": 1,
    "thumbnail": "../assets/blogs/blog-1.jpeg",
    "category": "5D Theatre",
    "title": "Dolorum optio tempore voluptas dignissimos",
    "author": {
      "name": "Maria Doe",
      "image": "../assets/blogs/blog-author-1.jpg"
    },
    "date": "Jan 1, 2023"
  },
  {
    "_id": 2,
    "thumbnail": "../assets/blogs/blog-2.jpeg",
    "category": "Disney",
    "title": "Possimus soluta ut id suscipit ea ut in quo quia et soluta",
    "author": {
      "name": "Allisa Mayer",
      "image": "../assets/blogs/blog-author-2.jpg"
    },
    "date": "May 10, 2023"
  },
  {
    "_id": 3,
    "thumbnail": "../assets/blogs/blog-3.jpeg",
    "category": "Theatre",
    "title": "Nisi magni odit consequatur autem nulla dolorem",
    "author": {
      "name": "Mark Dower",
      "image": "../assets/blogs/blog-author-3.jpg"
    },
    "date": "June 23, 2023"
  },
  {
    "_id": 4,
    "thumbnail": "../assets/blogs/blog-4.jpeg",
    "category": "Theatre Cater",
    "title": "Non rem rerum nam cum quo minus olor distincti",
    "author": {
      "name": "Lisa Neymar",
      "image": "../assets/blogs/blog-author-4.jpg"
    },
    "date": "July 23, 2023"
  }
]
